,name,organization_name,twitter
0,21viaNet,21viaNet,https://twitter.com/21vnet
1,22nd Century Group,22nd Century Group,
2,2U Inc.,2U Inc.,http://twitter.com/2uinc
3,3D Systems,3D Systems,https://twitter.com/3dsystems
4,6D Global Technologies,6D Global Technologies,https://twitter.com/6dglobal
5,A10 Networks,A10 Networks,http://twitter.com/A10Networks
6,Abattis Bioceuticals,Abattis Bioceuticals,http://twitter.com/abattis
7,ABB,ABB,
8,ABB,ABB,https://twitter.com/ABBgroupnews
9,ABB,ABB,http://twitter.com/ABBgroupnews
10,ABB,ABB,
11,Acacia Research,Acacia Research,http://twitter.com/Acacia_Research
12,ACADIA Pharmaceuticals,ACADIA Pharmaceuticals,https://twitter.com/acadiapharma
13,Accelerate Diagnostics,Accelerate Diagnostics,https://www.twitter.com/axdxnews
14,Acceleron Pharma,Acceleron Pharma,https://twitter.com/acceleronpharma
15,Accentia Biopharmaceuticals Inc,Accentia Biopharmaceuticals Inc,
16,Acco Brands,Acco Brands,https://www.twitter.com/accobrandsbnl
17,AcelRx Pharmaceuticals,AcelRx Pharmaceuticals,
18,Achillion Pharmaceuticals,Achillion Pharmaceuticals,http://twitter.com/AchillionPharma
19,Aclaris Therapeutics,Aclaris Therapeutics,
20,Acorda Therapeutics,Acorda Therapeutics,https://twitter.com/AcordaNews
21,Acorn International,Acorn International,
22,ACS Global,ACS Global,https://www.twitter.com/cryostem
23,Actinium Pharmaceuticals,Actinium Pharmaceuticals,http://twitter.com/ActiniumPharma
24,Actions Semiconductor,Actions Semiconductor,
25,Acura Pharmaceuticals,Acura Pharmaceuticals,
26,Acusphere,Acusphere,
27,Adamas Pharmaceuticals,Adamas Pharmaceuticals,
28,Adamis Pharmaceuticals,Adamis Pharmaceuticals,http://twitter.com/buyadmp
29,Adaptimmune,Adaptimmune,https://twitter.com/Adaptimmune
30,Addex Therapeutics,Addex Therapeutics,https://www.twitter.com/addexpharma
31,Addus HealthCare,Addus HealthCare,
32,ADMA Biologics,ADMA Biologics,
33,Adslot,Adslot,http://twitter.com/Adslot
34,Advanced Media,Advanced Media,
35,Advaxis,Advaxis,http://twitter.com/advaxis
36,Aehr Test Systems,Aehr Test Systems,
37,Aerie Pharmaceuticals,Aerie Pharmaceuticals,https://twitter.com/aeriepharma
38,Aethlon Medical,Aethlon Medical,http://twitter.com/Aethlon_Medical
39,Agenus,Agenus,http://twitter.com/Agenus_Bio
40,Agile Therapeutics,Agile Therapeutics,https://www.twitter.com/agilether
41,Agios Pharmaceuticals,Agios Pharmaceuticals,https://www.twitter.com/agiospharma
42,Airspan Networks,Airspan Networks,http://twitter.com/AirspanNetworks
43,Akebia Therapeutics,Akebia Therapeutics,
44,Alarm.com,Alarm.com,http://twitter.com/AlarmDotCom
45,Aldeyra Therapeutics,Aldeyra Therapeutics,https://twitter.com/aldeyraaldx
46,Align Technology,Align Technology,
47,Alimera Sciences,Alimera Sciences,http://twitter.com/AlimeraSciences
48,AllDigital,AllDigital,http://twitter.com/AllDigital_Inc
49,Allergy Therapeutics,Allergy Therapeutics,
50,Allon Therapeutics,Allon Therapeutics,
51,The Allstate Corporation,The Allstate Corporation,http://twitter.com/allstate
52,Alnylam Pharmaceuticals,Alnylam Pharmaceuticals,http://twitter.com/Alnylam
53,Alpha and Omega Semiconductor,Alpha and Omega Semiconductor,http://twitter.com/AlphaOmega_Semi
54,Alphatec Spine,Alphatec Spine,https://www.twitter.com/alphatecspine
55,AltiGen Communications,AltiGen Communications,http://twitter.com/altigen
56,Amarin,Amarin,
57,Amazon,Amazon,http://twitter.com/amazon
58,Ambarella,Ambarella,https://www.twitter.com/ambarellahd
59,Ambow Education,Ambow Education,https://twitter.com/ambow_education
60,American Cannabis Company,American Cannabis Company,https://www.twitter.com/cannabizconsult
61,AmeriPath,AmeriPath,https://www.twitter.com/ameripath
62,Amgen,Amgen,https://twitter.com/amgen
63,Amiad,Amiad,http://twitter.com/AmiadWaterSyst
64,Amicus Therapeutics,Amicus Therapeutics,https://twitter.com/amicusrx1
65,Ampio Pharmaceuticals,Ampio Pharmaceuticals,
66,AmpliPhi Biosciences,AmpliPhi Biosciences,http://twitter.com/ampli
67,AMSC,AMSC,https://www.twitter.com/nasdaq_amsc
68,Angie's List,Angie's List,https://twitter.com/AngiesList
69,Anthera Pharmaceuticals,Anthera Pharmaceuticals,https://www.twitter.com/antherapharma
70,Antibe Therapeutics,Antibe Therapeutics,https://twitter.com/antibethera
71,Aoxing Pharmaceutical,Aoxing Pharmaceutical,
72,Apollo Commercial Real Estate Finance,Apollo Commercial Real Estate Finance,
73,Appfolio,Appfolio,http://twitter.com/appfolio
74,Apple,Apple,https://twitter.com/apple
75,Applied DNA Sciences,Applied DNA Sciences,http://twitter.com/APDN
76,Applied Genetics Technologies Corporation,Applied Genetics Technologies Corporation,https://www.twitter.com/agtc_
77,Applied Minerals,Applied Minerals,
78,Applied Optoelectronics,Applied Optoelectronics,http://twitter.com/AppliedOptoAAOI
79,AquaBounty Technologies,AquaBounty Technologies,
80,ARCA biopharma,ARCA biopharma,
81,Arcadia Biosciences,Arcadia Biosciences,
82,Arch Biopartners,Arch Biopartners,https://www.twitter.com/archbiopartners
83,Ardelyx,Ardelyx,https://www.twitter.com/ardelyx
84,Arena Pharmaceuticals,Arena Pharmaceuticals,https://twitter.com/arenapharm
85,Ares Commercial Real Estate Corporation,Ares Commercial Real Estate Corporation,
86,arGEN-X,arGEN-X,
87,Rewalk Robotics,Rewalk Robotics,http://twitter.com/ReWalk_Robotics
88,ARHT Media,ARHT Media,https://twitter.com/ARHTMedia
89,Arista Power,Arista Power,http://twitter.com/AristaPower
90,Array BioPharma,Array BioPharma,https://twitter.com/arraybiopharma
91,Arria NLG,Arria NLG,https://twitter.com/ArriaNLG
92,ARYZTA AG,ARYZTA AG,
93,Ascendis Pharma,Ascendis Pharma,
94,Ascent Solar Technologies,Ascent Solar Technologies,http://twitter.com/AscentSolar
95,Aspen Aerogels,Aspen Aerogels,http://twitter.com/aspenaerogels
96,Aspen Technology,Aspen Technology,https://twitter.com/AspenTech?ref_src=twsrc%5Egoogle%7Ctwcamp%5Eserp%7Ctwgr%5Eauthor
97,Asure Software,Asure Software,http://twitter.com/Asure_Software
98,Atara Biotherapeutics,Atara Biotherapeutics,https://twitter.com/Atarabio
99,ATEME,ATEME,https://www.twitter.com/ateme_tweets
100,Athenahealth,Athenahealth,http://twitter.com/athenahealth
101,Athersys,Athersys,http://twitter.com/athersys
102,Atossa Genetics,Atossa Genetics,http://twitter.com/AtossaGenetics
103,AtriCure,AtriCure,http://twitter.com/AtriCure
104,aTyr Pharma,aTyr Pharma,http://twitter.com/aTyrNews
105,AudioEye,AudioEye,http://twitter.com/audioeyeinc
106,Aura Systems,Aura Systems,
107,Avacta Group,Avacta Group,https://twitter.com/avactaplc
108,Avalon Pharmaceuticals,Avalon Pharmaceuticals,
109,Aventine Renewable Energy Holdings,Aventine Renewable Energy Holdings,https://www.twitter.com/aventinerei
110,Avinger,Avinger,https://www.twitter.com/avingerinc
111,Avista,Avista,
112,Avista,Avista,https://www.twitter.com/avistautilities
113,Avista,Avista,
114,Avrupa Minerals,Avrupa Minerals,http://twitter.com/Avrupa_Minerals
115,Axcelis Technologies,Axcelis Technologies,http://twitter.com/AxcelisNews
116,AXEL MARK INC.,AXEL MARK INC.,
117,Axion Power International,Axion Power International,https://www.twitter.com/axionpower
118,AxoGen,AxoGen,http://twitter.com/AxoGen
119,BAE Systems,BAE Systems,http://twitter.com/BAESystemsInc
120,Baidu,Baidu,https://twitter.com/BaiduResearch
121,Bakers Shoes,Bakers Shoes,http://twitter.com/BakersShoes
122,Ballard Power Systems,Ballard Power Systems,http://twitter.com/BallardPwr
123,Bango,Bango,http://twitter.com/bangodotcom
124,Baozun Commerce,Baozun Commerce,https://twitter.com/baozunanz
125,Barracuda Networks,Barracuda Networks,http://twitter.com/Barracuda
126,Bavarian Nordic,Bavarian Nordic,http://twitter.com/bavariannordic
127,NetPosa Technologies,NetPosa Technologies,
128,Bellicum Pharmaceuticals,Bellicum Pharmaceuticals,http://twitter.com/BellicumPharma
129,Benefitfocus,Benefitfocus,http://twitter.com/benefitfocus
130,Ekso Bionics,Ekso Bionics,http://twitter.com/eksobionics
131,Beyond Commerce,Beyond Commerce,
132,BG Medicine,BG Medicine,https://www.twitter.com/bgmedicine
133,Bingo.com,Bingo.com,http://twitter.com/bingocom
134,BIO-PATH HOLDINGS,BIO-PATH HOLDINGS,
135,Biocartis,Biocartis,https://www.twitter.com/biocartis_
136,Biocept,Biocept,https://twitter.com/biocept
137,BioCryst Pharmaceuticals,BioCryst Pharmaceuticals,http://twitter.com/BioCrystPharma
138,BioDelivery Sciences International,BioDelivery Sciences International,http://twitter.com/BioDeliverySI
139,Biolase,Biolase,http://twitter.com/biolaseinc
140,BiolineRx,BiolineRx,https://www.twitter.com/biolinerx_ltd
141,"BioMedical Technologies Solutions, Inc.","BioMedical Technologies Solutions, Inc.",
142,BiondVax,BiondVax,http://twitter.com/biondvax
143,Birks & Mayors,Birks & Mayors,https://twitter.com/Maisonbirks
144,BTCS,BTCS,https://twitter.com/bitcoinshopus
145,Blue Earth,Blue Earth,
146,Blue Earth,Blue Earth,https://twitter.com/bbluearth
147,Bluefly,Bluefly,http://twitter.com/bluefly_com
148,Blueprint Medicines,Blueprint Medicines,http://twitter.com/blueprintmeds
149,BNY Mellon,BNY Mellon,http://twitter.com/bnymellon
150,Body Central,Body Central,http://twitter.com/body_central
151,"Bombardier, Inc","Bombardier, Inc",https://twitter.com/bombardier
152,BOS Better On-Line Solutions,BOS Better On-Line Solutions,
153,Bottomline Technologies,Bottomline Technologies,http://twitter.com/bottomlinetech
154,Box,Box,https://twitter.com/box
155,Boyaa Interactive,Boyaa Interactive,http://twitter.com/BoyaaGame
156,BrainStorm Cell Therapeutics,BrainStorm Cell Therapeutics,http://twitter.com/BrainStormCell
157,Brainsway,Brainsway,http://twitter.com/Brainsway
158,Bridgeline Digital,Bridgeline Digital,http://twitter.com/Bridgeline
159,Brightcove,Brightcove,https://twitter.com/Brightcove
160,Bristol-Myers Squibb,Bristol-Myers Squibb,http://twitter.com/BMSNEWS
161,CalAmp,CalAmp,http://twitter.com/calamp
162,California Bank of Commerce,California Bank of Commerce,
163,Calithera Biosciences,Calithera Biosciences,
164,Calix,Calix,http://twitter.com/TheCalixNetwork
165,Canadian Solar,Canadian Solar,http://twitter.com/Canadian_Solar
166,CanFite BioPharma,CanFite BioPharma,
167,Cara Therapeutics,Cara Therapeutics,
168,Cardax Pharma,Cardax Pharma,http://twitter.com/cardaxpharma
169,Cardinal Health,Cardinal Health,https://twitter.com/cardinalhealth
170,Cardiovascular Systems,Cardiovascular Systems,
171,Cardium Therapeutics,Cardium Therapeutics,http://twitter.com/CardiumCXM
172,CarePayment,CarePayment,http://twitter.com/Care_Payment
173,Castlight Health,Castlight Health,http://twitter.com/CastlightHealth
174,Cavitation Technologies,Cavitation Technologies,http://twitter.com/ctinanotech
175,CDI,CDI,
176,CDI,CDI,
177,CDI,CDI,https://twitter.com/cdicorporation
178,CDW Corporation,CDW Corporation,http://twitter.com/CDWCorp
179,Cedar Realty Trust,Cedar Realty Trust,http://twitter.com/CedarRealtyTrst
180,CEL-SCI,CEL-SCI,http://twitter.com/CelSciCorp
181,Celldex Therapeutics,Celldex Therapeutics,
182,Cellectis,Cellectis,
183,Cellectis,Cellectis,http://twitter.com/cellectis
184,Celsion,Celsion,
185,Akari Therapeutics,Akari Therapeutics,
186,CenturyLink,CenturyLink,http://twitter.com/centurylink
187,Ceragon Networks,Ceragon Networks,http://twitter.com/Ceragon
188,Ceres,Ceres,http://twitter.com/CeresNews
189,Ceres,Ceres,http://twitter.com/CeresNews
190,CFBank,CFBank,
191,Champions Oncology,Champions Oncology,https://twitter.com/champsonco
192,ChannelAdvisor,ChannelAdvisor,http://twitter.com/channeladvisor
193,CHARLES & COLVARD LTD,CHARLES & COLVARD LTD,http://twitter.com/ccmoissanite
194,Charles River Laboratories International,Charles River Laboratories International,https://www.twitter.com/criverlabs
195,Charter Communications,Charter Communications,https://twitter.com/getspectrum
196,Check-Cap,Check-Cap,https://www.twitter.com/checkcap_
197,Check Point Software Technologies,Check Point Software Technologies,http://twitter.com/checkpointsw
198,Chegg,Chegg,http://twitter.com/chegg
199,ChemoCentryx,ChemoCentryx,
200,Chesswood Group,Chesswood Group,
201,Chimerix,Chimerix,http://twitter.com/chimerix
202,ChromaDex,ChromaDex,https://twitter.com/ChromaDex
203,Cidara Therapeutics,Cidara Therapeutics,https://twitter.com/CidaraThera
204,Cinedigm,Cinedigm,https://twitter.com/cinedigm
205,Cisco,Cisco,https://twitter.com/cisco
206,Clean TeQ,Clean TeQ,http://twitter.com/cleanteq
207,Clovis Oncology,Clovis Oncology,
208,CMGE,CMGE,https://www.twitter.com/cmgegroup
209,CNS Response,CNS Response,
210,Code Rebel,Code Rebel,https://www.twitter.com/coderebel
211,Codexis,Codexis,http://twitter.com/CodexisInc
212,Cogeco Cable,Cogeco Cable,http://twitter.com/CogecoQC
213,Cogent Communications Group,Cogent Communications Group,http://twitter.com/CogentCo
214,Coherus Biosciences,Coherus Biosciences,https://twitter.com/coherus_bio
215,Collegium Pharmaceutical,Collegium Pharmaceutical,
216,Comcast,Comcast,https://twitter.com/comcast
217,Commerce One,Commerce One,
218,Commerce Resources,Commerce Resources,https://www.twitter.com/commercerescce
219,CommScope,CommScope,http://twitter.com/commscope
220,Compass Diversified Holdings,Compass Diversified Holdings,https://twitter.com/codiequity
221,Complete Genomics,Complete Genomics,http://twitter.com/CompleteGenomic
222,Comprehensive Care,Comprehensive Care,
223,comScore,comScore,http://twitter.com/comScore
224,Concert Pharmaceuticals,Concert Pharmaceuticals,
225,ConforMIS,ConforMIS,http://twitter.com/ConforMIS
226,Corcept Therapeutics,Corcept Therapeutics,http://twitter.com/Corcept
227,CorEnergy Infrastructure Trust,CorEnergy Infrastructure Trust,
228,CorMedix,CorMedix,https://www.twitter.com/cormedixinc
229,Cornerstone OnDemand,Cornerstone OnDemand,http://twitter.com/cornerstoneinc
230,Corsair,Corsair,
231,Corsair,Corsair,
232,Corsair,Corsair,
233,Strongbridge Biopharma,Strongbridge Biopharma,
234,Coty,Coty,https://twitter.com/COTYInc
235,Quotient Technology,Quotient Technology,https://twitter.com/quotient
236,Cree,Cree,http://twitter.com/CreeLEDs
237,Crexendo,Crexendo,http://twitter.com/Crexendo
238,Criteo,Criteo,http://twitter.com/criteo
239,Crocs,Crocs,http://twitter.com/Crocs
240,CrowdGather,CrowdGather,http://twitter.com/crowdgather
241,CrowdWorks,CrowdWorks,https://twitter.com/CrowdWorksjp
242,Crumbs Bake Shop,Crumbs Bake Shop,http://twitter.com/CrumbsBakeShop
243,CryoLife,CryoLife,https://www.twitter.com/cryolife
244,"CUBED, Inc.","CUBED, Inc.",
245,Curis,Curis,
246,Cyclacel Pharmaceuticals,Cyclacel Pharmaceuticals,
247,CymaBay Therapeutics,CymaBay Therapeutics,
248,Cytodyn,Cytodyn,https://twitter.com/cytodyn
249,"Cytokinetics, Inc.","Cytokinetics, Inc.",http://twitter.com/Cytokinetics
250,Nuo Therapeutics,Nuo Therapeutics,https://twitter.com/cytomedix
251,CytomX Therapeutics,CytomX Therapeutics,https://twitter.com/cytomxinc
252,CytRx,CytRx,
253,DAQO NEW ENERGY CORP,DAQO NEW ENERGY CORP,
254,Datasection,Datasection,https://www.twitter.com/datasection
255,DAVIDsTEA,DAVIDsTEA,http://twitter.com/DAVIDsTEA
256,DBV Technologies,DBV Technologies,https://twitter.com/dbvtechnologies
257,DeNA,DeNA,https://twitter.com/DeNAPR
258,Dermira,Dermira,https://twitter.com/dermirainc
259,Dexcom,Dexcom,https://www.twitter.com/dexcom
260,Dicerna Pharmaceuticals,Dicerna Pharmaceuticals,http://twitter.com/DicernaPharma
261,Dick's Sporting Goods,Dick's Sporting Goods,http://twitter.com/dicks
262,DigiPath,DigiPath,https://www.twitter.com/digipathlabs
263,Digital Ally,Digital Ally,http://twitter.com/DigitalAllyInc
264,Diodes Incorporated,Diodes Incorporated,http://twitter.com/diodesinc
265,DIRTT Environmental Solutions,DIRTT Environmental Solutions,http://twitter.com/DIRTT
266,Document Security Systems,Document Security Systems,http://twitter.com/DocSecuritySys
267,DSET Corporation,DSET Corporation,http://twitter.com/aboutdset
268,DuPont,DuPont,http://twitter.com/dupont_news
269,Durect Corp.,Durect Corp.,
270,Dyadic International,Dyadic International,https://twitter.com/dyadic_intl
271,Dynasil,Dynasil,https://www.twitter.com/dynasilcorp
272,Dynatronics Corporation,Dynatronics Corporation,
273,E-House,E-House,
274,E-TEK Dynamics,E-TEK Dynamics,
275,Eagle Pharmaceuticals,Eagle Pharmaceuticals,http://twitter.com/eaglepharm
276,EasyLink,EasyLink,https://www.twitter.com/easylinkindia
277,eBay,eBay,http://twitter.com/eBay
278,Ebix,Ebix,http://twitter.com/ebixinc
279,Echo Global Logistics,Echo Global Logistics,http://twitter.com/EchoLogistics
280,Ekinops,Ekinops,https://www.twitter.com/ekinopssa
281,Elite Pharmaceuticals,Elite Pharmaceuticals,https://twitter.com/elitepharma
282,eLong.com,eLong.com,https://www.twitter.com/elongenglish
283,Emcore,Emcore,https://www.twitter.com/emcorecorp
284,Emergent BioSolutions,Emergent BioSolutions,http://twitter.com/emergentbiosolu
285,Enablence Technologies,Enablence Technologies,http://twitter.com/enablence
286,Enanta Pharmaceuticals,Enanta Pharmaceuticals,
287,Enbridge,Enbridge,http://twitter.com/enbridge
288,Enbridge,Enbridge,http://twitter.com/Enbridge
289,Endymed,Endymed,http://twitter.com/MyNewa
290,Energy Focus,Energy Focus,http://twitter.com/EnergyFocusInc
291,Engagement Labs,Engagement Labs,http://twitter.com/engagementlabs
292,Enjoyor,Enjoyor,
293,Enphase Energy,Enphase Energy,http://twitter.com/enphase
294,Entravision Communications Corporation,Entravision Communications Corporation,
295,Enumeral Biomedical,Enumeral Biomedical,
296,Envestnet,Envestnet,https://twitter.com/ENVIntel
297,EPAM Systems,EPAM Systems,https://twitter.com/EPAMSYSTEMS
298,Epazz,Epazz,http://twitter.com/epazz
299,Epizyme,Epizyme,https://twitter.com/epizymerx
300,Equifax,Equifax,https://www.twitter.com/equifaxinsights
301,Equinix,Equinix,http://twitter.com/equinix
302,ESCO Technologies,ESCO Technologies,http://twitter.com/ESCO_Tech
303,Esperion Therapeutics,Esperion Therapeutics,http://twitter.com/Esperion
304,Etsy,Etsy,http://twitter.com/Etsy
305,Euthymics Bioscience,Euthymics Bioscience,
306,"ev3, Inc","ev3, Inc",https://www.twitter.com/ev3careers
307,Eventure Interactive,Eventure Interactive,https://www.twitter.com/eventureon
308,Evoke Pharma,Evoke Pharma,
309,Evolent Health,Evolent Health,http://twitter.com/EvolentHealth
310,Exact Sciences,Exact Sciences,http://twitter.com/ExactSciences
311,EyeGate Pharmaceuticals,EyeGate Pharmaceuticals,https://twitter.com/eyegatepharma
312,Facebook,Facebook,https://twitter.com/facebook
313,Fate Therapeutics,Fate Therapeutics,https://twitter.com/fatethx
314,FireEye,FireEye,https://twitter.com/fireeye
315,First Solar,First Solar,https://twitter.com/FirstSolar
316,Five Below,Five Below,http://twitter.com/fivebelow
317,Five9,Five9,http://www.twitter.com/Five9
318,FleetCor Technologies,FleetCor Technologies,http://twitter.com/fleetcor2000
319,Flex Pharma,Flex Pharma,https://twitter.com/flexpharma
320,Flexion Therapeutics,Flexion Therapeutics,http://twitter.com/FlexionInc
321,FlexShopper,FlexShopper,https://twitter.com/flexshopperway
322,Fluidigm,Fluidigm,http://twitter.com/fluidigm
323,Focaltech Systems,Focaltech Systems,
324,Focus Media,Focus Media,https://www.twitter.com/focusmediany
325,Focus Media,Focus Media,
326,Fortinet,Fortinet,http://twitter.com/fortinet
327,Freescale Semiconductor,Freescale Semiconductor,http://twitter.com/Freescale
328,Fresenius Medical Care,Fresenius Medical Care,https://twitter.com/fmc_ag
329,Galapagos,Galapagos,https://twitter.com/GalapagosNV
330,Galapagos,Galapagos,https://twitter.com/glpgs
331,Gene Techno Science,Gene Techno Science,
332,General Dynamics,General Dynamics,https://twitter.com/generaldynamics
333,General Electric (GE),General Electric (GE),http://twitter.com/generalelectric
334,Generex Biotechnology,Generex Biotechnology,http://twitter.com/GenerexBiotech
335,Genesco,Genesco,https://twitter.com/genescoinc
336,Genetic Technologies,Genetic Technologies,
337,Genocea Biosciences,Genocea Biosciences,http://twitter.com/GenoceaBio
338,GeoOp,GeoOp,http://twitter.com/GeoOp
339,Geos Communications,Geos Communications,
340,GeoVax,GeoVax,https://www.twitter.com/geovax_news
341,Geron,Geron,
342,Geron,Geron,
343,Freelancer,Freelancer,
344,Gevity HR,Gevity HR,
345,Gevo,Gevo,
346,Giant Interactive Group,Giant Interactive Group,
347,GIGA TRONICS,GIGA TRONICS,http://twitter.com/Gigatronics
348,GigaMedia,GigaMedia,
349,Glaukos,Glaukos,https://twitter.com/glaukoscorp
350,Global Blood Therapeutics,Global Blood Therapeutics,https://www.twitter.com/gbt_news
351,Globant,Globant,http://twitter.com/Globant
352,GlobeImmune,GlobeImmune,https://www.twitter.com/globeimmunenews
353,Globus Medical,Globus Medical,http://twitter.com/globusmedical
354,Glori Energy,Glori Energy,
355,GlycoMimetics,GlycoMimetics,
356,Gogo,Gogo,http://twitter.com/gogo
357,Golden Star Resources,Golden Star Resources,https://www.twitter.com/golden_star_res
358,Good Times Restaurants,Good Times Restaurants,https://twitter.com/EatGoodTimes
359,Google,Google,https://twitter.com/google
360,GoPro,GoPro,http://twitter.com/GoPro
361,Great East Energy,Great East Energy,http://twitter.com/GrtEastEnergy
362,GREE,GREE,http://twitter.com/gree_corp
363,Groupon,Groupon,http://twitter.com/groupon
364,Growlife,Growlife,https://twitter.com/greners
365,GT Advanced Technologies,GT Advanced Technologies,http://twitter.com/GTATCorp
366,GTx,GTx,
367,Gudeng Precision,Gudeng Precision,
368,Guided Therapeutics,Guided Therapeutics,
369,gumi,gumi,https://www.twitter.com/gumi_pr
370,Gunosy,Gunosy,http://twitter.com/gunosy_news
371,Halozyme Therapeutics,Halozyme Therapeutics,https://twitter.com/halozymeinc
372,Happy Tom,Happy Tom,https://twitter.com/HappyTomCo
373,HCI,HCI,
374,HCI,HCI,
375,HCI,HCI,https://twitter.com/hciyork
376,Health Discovery,Health Discovery,
377,HealthEquity,HealthEquity,http://twitter.com/healthequity
378,HealthStream,HealthStream,http://twitter.com/HealthStream
379,HealthWarehouse.com,HealthWarehouse.com,http://twitter.com/healthwarehouse
380,Heat Biologics,Heat Biologics,http://twitter.com/HeatBiologics
381,Helicos BioSciences,Helicos BioSciences,http://twitter.com/Helicos_Bio
382,HESKA,HESKA,http://twitter.com/heskacorp
383,hhgregg,hhgregg,http://twitter.com/hhgregg
384,Higher One,Higher One,http://twitter.com/HigherOne
385,HMT Technology,HMT Technology,
386,Hologic,Hologic,http://twitter.com/hologic
387,Home Bancorp,Home Bancorp,
388,Horizon Technology Finance,Horizon Technology Finance,
389,Horizon Pharma,Horizon Pharma,https://twitter.com/HorizonNews
390,Hottolink,Hottolink,https://www.twitter.com/hottolink_pr
391,HTG Molecular Diagnostics,HTG Molecular Diagnostics,http://twitter.com/HTGmolecular
392,HubSpot,HubSpot,http://twitter.com/HubSpot
393,Hydrogenics,Hydrogenics,
394,Hypertension Diagnostics,Hypertension Diagnostics,
395,iCAD,iCAD,http://twitter.com/icadmed
396,Ideal Power,Ideal Power,
397,Identiv,Identiv,http://twitter.com/TrustYourWorld
398,Idera Pharmaceuticals,Idera Pharmaceuticals,http://twitter.com/iderapharma
399,iDreamsky Technology,iDreamsky Technology,http://twitter.com/Dreamsky_games
400,iGo,iGo,http://twitter.com/iGOforPower
401,ImageWare Systems,ImageWare Systems,https://www.twitter.com/iwsinc
402,ImaRX Therapeutics,ImaRX Therapeutics,
403,Immune Pharmaceuticals,Immune Pharmaceuticals,http://twitter.com/danteperbiotech
404,ImmunoGen,ImmunoGen,https://www.twitter.com/immunogeninc
405,ImmuPharma,ImmuPharma,
406,IMPAC Medical System,IMPAC Medical System,
407,Independent Bank,Independent Bank,http://twitter.com/IndependentBank
408,Independent Bank,Independent Bank,https://www.twitter.com/independbank
409,Infinera Corporation,Infinera Corporation,http://twitter.com/Infinera
410,Infinity Pharmaceuticals,Infinity Pharmaceuticals,http://twitter.com/INFIPharma
411,Innate Pharma,Innate Pharma,https://twitter.com/InnatePharma
412,Inogen,Inogen,http://twitter.com/InogenOne
413,Insmed,Insmed,
414,InspireMD,InspireMD,http://twitter.com/InspireMD
415,Instructure,Instructure,http://twitter.com/instructure
416,Insulet,Insulet,https://www.twitter.com/myomnipod
417,Integrity Applications,Integrity Applications,https://www.twitter.com/glucotrack
418,IntelGenX,IntelGenX,http://twitter.com/IntelGenx
419,Intellicheck Mobilisa,Intellicheck Mobilisa,https://www.twitter.com/intellicheckidn
420,Intellipharmaceutics International,Intellipharmaceutics International,http://twitter.com/IPCIPharma
421,"IntelliQuest Information Group, Inc","IntelliQuest Information Group, Inc",
422,Intercept Pharmaceuticals,Intercept Pharmaceuticals,https://twitter.com/InterceptPharma
423,Intercloud Systems,Intercloud Systems,http://twitter.com/intercloudsys
424,IntercontinentalExchange,IntercontinentalExchange,https://twitter.com/ICE_Markets
425,Intermap Technologies,Intermap Technologies,http://twitter.com/intermap
426,Internet Gold - Golden Lines,Internet Gold - Golden Lines,
427,Interplay Entertainment,Interplay Entertainment,
428,Intersect ENT,Intersect ENT,https://www.twitter.com/intersectent
429,Intuit,Intuit,https://twitter.com/Intuit
430,Inventergy,Inventergy,http://twitter.com/Inventergy
431,Invitae,Invitae,http://twitter.com/InVitae
432,iPayment,iPayment,http://twitter.com/ipaymentinc
433,Ironwood Pharmaceuticals,Ironwood Pharmaceuticals,http://twitter.com/ironwoodpharma
434,ITM Power,ITM Power,http://twitter.com/ITMPowerPlc
435,iTwin,iTwin,http://twitter.com/iTwinTweet
436,IZEA,IZEA,http://twitter.com/izea
437,Jack in the Box,Jack in the Box,http://twitter.com/JackBox
438,JAYS,JAYS,https://twitter.com/phrased_by_jays
439,Jazz Pharmaceuticals,Jazz Pharmaceuticals,
440,JD.com,JD.com,https://twitter.com/JD_Corporate
441,Juniper Networks,Juniper Networks,http://twitter.com/JuniperNetworks
442,Just Eat,Just Eat,https://twitter.com/justeatplc
443,Xunlei,Xunlei,
444,Karyopharm Therapeutics,Karyopharm Therapeutics,https://twitter.com/Karyopharm
445,KemPharm,KemPharm,https://twitter.com/kempharminc
446,KEYW Corporation,KEYW Corporation,http://twitter.com/keywcorp
447,Kingdee,Kingdee,https://twitter.com/kingdee
448,Kitara Media,Kitara Media,http://twitter.com/kitaramedia
449,Knight Therapeutics,Knight Therapeutics,
450,Kosmos Energy Ltd.,Kosmos Energy Ltd.,http://twitter.com/KosmosEnergy
451,KUBOO,KUBOO,http://twitter.com/KubooWorld
452,La jolla Pharmaceutical,La jolla Pharmaceutical,
453,Lantronix,Lantronix,http://twitter.com/lantronix
454,Lending Club,Lending Club,http://twitter.com/Lendingclub
455,Lennar Corporation,Lennar Corporation,http://twitter.com/Lennar
456,Lenovo,Lenovo,http://twitter.com/lenovo
457,Lexicon Pharmaceuticals,Lexicon Pharmaceuticals,https://twitter.com/LexPharma
458,Liberty Global,Liberty Global,https://twitter.com/libertyglobal
459,Lifeloc Technologies,Lifeloc Technologies,http://twitter.com/_LifeGuard
460,LifeVantage,LifeVantage,http://twitter.com/lifevantage
461,Ligand Pharmaceuticals,Ligand Pharmaceuticals,http://twitter.com/Ligand_LGND
462,Lighting Science Group,Lighting Science Group,http://twitter.com/LightingScience
463,LightInTheBox.com,LightInTheBox.com,http://twitter.com/lightinthebox
464,Lightwave Logic,Lightwave Logic,
465,LIN TV,LIN TV,
466,Linekong,Linekong,https://twitter.com/linekongus
467,MNC Media Investment,MNC Media Investment,
468,Liquidmetal Technologies,Liquidmetal Technologies,https://www.twitter.com/liquidmetal
469,LivePerson,LivePerson,http://twitter.com/LivePerson
470,Living Cell Technologies,Living Cell Technologies,http://twitter.com/lctglobal
471,Lixte Biotechnology Holdings,Lixte Biotechnology Holdings,
472,Local Corporation,Local Corporation,http://twitter.com/localcom
473,Lockheed Martin,Lockheed Martin,http://twitter.com/LockheedMartin
474,Lucibel,Lucibel,http://twitter.com/LedLucibel
475,Macquarie Group,Macquarie Group,http://twitter.com/macquariebank
476,MacroGenics,MacroGenics,http://twitter.com/MacroGenics
477,Magic Software Enterprises,Magic Software Enterprises,http://twitter.com/MagicSoftware
478,MainStreet Bank,MainStreet Bank,https://www.twitter.com/mstreetbank
479,MakeMyTrip.com,MakeMyTrip.com,http://twitter.com/makemytrip
480,Manitex International,Manitex International,
481,Marathon Patent Group,Marathon Patent Group,https://www.twitter.com/marathonpatent
482,Marin Software,Marin Software,http://twitter.com/MarinSoftware
483,Marinus Pharmaceuticals,Marinus Pharmaceuticals,https://www.twitter.com/marinuspharma
484,Markit,Markit,
485,Markit,Markit,https://twitter.com/markitmotion
486,Markit,Markit,https://twitter.com/MarkIT_EU
487,Marrone Bio Innovations,Marrone Bio Innovations,http://twitter.com/MarroneBio
488,Maximus,Maximus,https://twitter.com/maximusmaximise
489,Maximus,Maximus,
490,Maximus,Maximus,http://twitter.com/MAXIMUS_news
491,Maximus,Maximus,https://twitter.com/maximus_live
492,MaxLinear,MaxLinear,
493,Maxwell Technologies,Maxwell Technologies,http://twitter.com/Maxwell_Tech
494,MCK Communications,MCK Communications,http://twitter.com/mckcomm
495,Medical Cannabis Payment Solutions,Medical Cannabis Payment Solutions,
496,MediciNova,MediciNova,
497,Medigus,Medigus,
498,MediWound,MediWound,
499,Medmira,Medmira,http://twitter.com/medmira
500,MEDNAX,MEDNAX,http://twitter.com/mednax
501,Medtech SAS,Medtech SAS,https://twitter.com/MedtechSurgical
502,MEI Pharma,MEI Pharma,
503,Merrimack Pharmaceuticals,Merrimack Pharmaceuticals,https://twitter.com/MerrimackPharma
504,MetaStat,MetaStat,https://twitter.com/metastat_inc
505,Microbix Biosystems,Microbix Biosystems,https://www.twitter.com/microbix
506,Micron Technology,Micron Technology,
507,Micron Technology,Micron Technology,http://twitter.com/MicronTech
508,MicroVision,MicroVision,http://twitter.com/Microvision
509,Milestone Scientific,Milestone Scientific,
510,Mimecast,Mimecast,http://twitter.com/mimecast
511,MIND C.T.I. Ltd,MIND C.T.I. Ltd,http://twitter.com/mindcti
512,Minerva Neuroscience,Minerva Neuroscience,
513,Mistras Group,Mistras Group,http://twitter.com/mistrasgroup
514,Mitek Systems,Mitek Systems,http://twitter.com/MitekSystems
515,Mobiquity Technologies,Mobiquity Technologies,http://twitter.com/MobiquityNet
516,Model N,Model N,http://twitter.com/ModelN
517,Molecular Partners,Molecular Partners,
518,Molina Healthcare,Molina Healthcare,http://twitter.com/molinahealth
519,Monolithic Power Systems,Monolithic Power Systems,https://www.twitter.com/monolithicpower
520,Montage Technology,Montage Technology,
521,Morningstar,Morningstar,
522,Morningstar,Morningstar,http://twitter.com/MorningStarInc
523,MorphoSys,MorphoSys,http://twitter.com/MorphoSys
524,MRC Global,MRC Global,
525,Nabriva Therapeutics,Nabriva Therapeutics,
526,Nano Dimension,Nano Dimension,https://twitter.com/3dpcb
527,NanoCarrier Co,NanoCarrier Co,
528,Nanosphere,Nanosphere,http://twitter.com/nanosphere
529,NanoString Technologies,NanoString Technologies,http://twitter.com/nanostringtech
530,Nanotech Security,Nanotech Security,http://twitter.com/NTS_Corp
531,NanoViricides,NanoViricides,
532,Nanya Technology Corporation,Nanya Technology Corporation,
533,Nascent Biotech,Nascent Biotech,
534,Natcore Technology,Natcore Technology,http://twitter.com/NatcoreSolar
535,Natera,Natera,http://twitter.com/NateraPrenatal
536,Navidea Biopharmaceuticals,Navidea Biopharmaceuticals,
537,NCR,NCR,http://twitter.com/NCRCorporation
538,Nektar Therapeutics,Nektar Therapeutics,http://twitter.com/NektarNews
539,NeoGenomics Laboratories,NeoGenomics Laboratories,https://twitter.com/NeoGenomics
540,Neonode,Neonode,https://twitter.com/Neonode_Inc/
541,NeoPhotonics,NeoPhotonics,http://twitter.com/NeoPhotonics_tw
542,Nephros,Nephros,https://www.twitter.com/nephrosinc
543,Net Element,Net Element,http://twitter.com/neteinc
544,NetDragon Websoft,NetDragon Websoft,
545,Netflix,Netflix,http://twitter.com/netflix
546,NETGEAR,NETGEAR,http://twitter.com/NETGEAR
547,Netlist,Netlist,http://twitter.com/netlistinc
548,NetSol Technologies,NetSol Technologies,http://twitter.com/NetSolTech
549,Network-1,Network-1,
550,Neurocrine Biosciences,Neurocrine Biosciences,
551,NeuroMetrix,NeuroMetrix,https://twitter.com/neurometrix
552,NeuroSigma,NeuroSigma,http://twitter.com/neurosigma
553,Nevro,Nevro,https://twitter.com/nevro_hf10
554,New Relic,New Relic,http://twitter.com/newrelic
555,Newron Pharmaceuticals,Newron Pharmaceuticals,
556,The New York Times,The New York Times,http://twitter.com/nytimes
557,NexJ Systems,NexJ Systems,http://twitter.com/nexj
558,Nexstim,Nexstim,https://www.twitter.com/nexstimoyj
559,Nextest Systems,Nextest Systems,
560,Noah,Noah,
561,Noah,Noah,https://twitter.com/noah_partners
562,Noah,Noah,
563,Noah,Noah,
564,Nobilis Health,Nobilis Health,
565,Northern Power Systems,Northern Power Systems,http://twitter.com/NPS_News
566,Northwest Biotherapeutics,Northwest Biotherapeutics,http://twitter.com/NorthwestBio
567,NovaBay Pharmaceuticals,NovaBay Pharmaceuticals,http://twitter.com/NovaBay
568,NOVACYT,NOVACYT,
569,Novavax,Novavax,https://twitter.com/novavaxinc
570,NuVasive,NuVasive,http://twitter.com/nuvasiveinc
571,Ocean Power Technologies,Ocean Power Technologies,https://www.twitter.com/oceanpowertech
572,Ocular Therapeutix,Ocular Therapeutix,https://twitter.com/ocutx
573,Omeros,Omeros,https://twitter.com/omeroscorp
574,Oncolytics Biotech,Oncolytics Biotech,http://twitter.com/Oncolytics
575,Onconova Therapeutics,Onconova Therapeutics,https://twitter.com/onconova_ontx
576,OncoSec Medical,OncoSec Medical,http://twitter.com/Oncosec
577,OncoVista Innovative Therapies,OncoVista Innovative Therapies,
578,OpenText Corporation,OpenText Corporation,http://twitter.com/OpenText
579,Opera,Opera,
580,Opera,Opera,
581,OpGen,OpGen,http://twitter.com/OpGen
582,OPKO Health,OPKO Health,http://twitter.com/search
583,Orad,Orad,
584,Oramed Pharmaceuticals,Oramed Pharmaceuticals,http://twitter.com/OramedPharma
585,Orexo,Orexo,https://www.twitter.com/orexoabpubl
586,OrganiGram,OrganiGram,https://twitter.com/OrganiGramInc
587,Organovo Holdings,Organovo Holdings,http://twitter.com/Organovo/
588,Osi Systems,Osi Systems,https://www.twitter.com/osisystems
589,Otonomy,Otonomy,
590,Pacific Biosciences,Pacific Biosciences,http://twitter.com/pacbio
591,Palatin Technologies,Palatin Technologies,http://twitter.com/PalatinTech
592,Palo Alto Networks,Palo Alto Networks,https://twitter.com/PaloAltoNtwks
593,Parade Technologies,Parade Technologies,
594,Park City Group,Park City Group,http://twitter.com/parkcitygroup
595,ParkerVision,ParkerVision,http://twitter.com/ParkerVisionInc
596,Parkit Enterprise,Parkit Enterprise,http://twitter.com/Parkit_PKT
597,Paylocity,Paylocity,http://twitter.com/Paylocity
598,Peabody Energy,Peabody Energy,https://twitter.com/peabodyenergy
599,Pebblebrook Hotel Trust,Pebblebrook Hotel Trust,http://twitter.com/PebblebrookPEB
600,Penumbra,Penumbra,
601,Perficient,Perficient,http://twitter.com/Perficient
602,Petco,Petco,http://twitter.com/PETCO
603,Phoenix New Media,Phoenix New Media,
604,Pixium Vision,Pixium Vision,http://twitter.com/PixiumVision
605,Plukka,Plukka,http://twitter.com/plukka
606,Pluristem Therapeutics,Pluristem Therapeutics,http://twitter.com/Pluristem
607,POET Technologies,POET Technologies,
608,Potash West,Potash West,http://twitter.com/PotashWest
609,Potbelly Sandwich Works,Potbelly Sandwich Works,http://twitter.com/potbelly
610,PPG Industries,PPG Industries,http://twitter.com/ppg
611,Precision Optics,Precision Optics,
612,Pressure BioSciences,Pressure BioSciences,https://www.twitter.com/presbiosciences
613,Primo Water&Dispensers,Primo Water&Dispensers,http://twitter.com/primowater
614,Galectin Therapeutics,Galectin Therapeutics,http://twitter.com/GalectinGALT
615,ProntoForms,ProntoForms,http://twitter.com/ProntoForms
616,ProPhase Labs,ProPhase Labs,
617,Proto Labs,Proto Labs,http://twitter.com/ProtoLabs
618,PTC Therapeutics,PTC Therapeutics,http://twitter.com/PTCTherapeutics
619,Puma Biotechnology,Puma Biotechnology,
620,PURE Bioscience,PURE Bioscience,
621,Pure Storage,Pure Storage,http://twitter.com/PureStorage
622,Pushpay,Pushpay,http://twitter.com/pushpay
623,PyroGenesis,PyroGenesis,https://twitter.com/PyroGenesisCan
624,Q2ebanking,Q2ebanking,http://twitter.com/Q2ebanking
625,Quad/Graphics,Quad/Graphics,http://twitter.com/QuadGraphics
626,Qualys,Qualys,http://twitter.com/qualys
627,Quanta Services,Quanta Services,http://twitter.com/quantaservices
628,Quantum,Quantum,
629,Quantum,Quantum,https://twitter.com/quantumjournal
630,Quantum,Quantum,
631,Quantum,Quantum,
632,Quantum,Quantum,http://twitter.com/QuantumCorp
633,Quantum,Quantum,https://twitter.com/Quantum__Inc
634,Quest Resource Holding Corporation,Quest Resource Holding Corporation,https://www.twitter.com/quest_rmg
635,QuinStreet,QuinStreet,http://twitter.com/quinstreet
636,Quotient Biodiagnostics,Quotient Biodiagnostics,
637,Rackable Systems,Rackable Systems,
638,Rackspace,Rackspace,http://twitter.com/Rackspace
639,Rackspace,Rackspace,https://twitter.com/Rackspace
640,Radcom,Radcom,https://www.twitter.com/radcomupdates
641,Radius Health,Radius Health,https://www.twitter.com/radius_health
642,Rakuten,Rakuten,http://twitter.com/RakutenGlobal
643,Rakuten,Rakuten,https://twitter.com/rakuten_es
644,Rambus,Rambus,http://twitter.com/rambusinc
645,Rapid7,Rapid7,http://twitter.com/rapid7
646,REAL WORLD,REAL WORLD,
647,RedHill Biopharma,RedHill Biopharma,http://www.twitter.com/RedHillBio
648,REGENXBIO,REGENXBIO,https://twitter.com/REGENXBIO
649,Regulus Therapeutics,Regulus Therapeutics,http://twitter.com/RegulusRx
650,Renovis Surgical Technologies,Renovis Surgical Technologies,
651,Repligen,Repligen,http://twitter.com/mAntibody_News
652,RESAAS,RESAAS,http://twitter.com/resaas
653,Resonant Inc,Resonant Inc,
654,Resource Capital,Resource Capital,
655,Resverlogix,Resverlogix,http://twitter.com/Resverlogix_RVX
656,Revance Therapeutics,Revance Therapeutics,https://twitter.com/revance
657,RiceBran Technologies,RiceBran Technologies,
658,Rigel Pharmaceuticals,Rigel Pharmaceuticals,http://twitter.com/RigelPharma
659,RingCentral,RingCentral,http://twitter.com/RingCentral
660,RiT Technologies Ltd.,RiT Technologies Ltd.,https://www.twitter.com/rittechnologies
661,RLJ Entertainment,RLJ Entertainment,http://twitter.com/RLJOfficial
662,Roam Technologies,Roam Technologies,http://twitter.com/MyRoamAu
663,Rocket Fuel,Rocket Fuel,http://twitter.com/rocketfuelinc
664,Rockwell Medical,Rockwell Medical,http://twitter.com/RockwellMedical
665,Rosetta Genomics,Rosetta Genomics,http://twitter.com/RosettaGenomics
666,RR Media,RR Media,https://twitter.com/rrmediatv
667,Safe Bulkers,Safe Bulkers,
668,SAGE Therapeutics,SAGE Therapeutics,https://www.twitter.com/sagebiotech
669,SAGE Therapeutics,SAGE Therapeutics,https://www.twitter.com/sagebiotech
670,Salesforce,Salesforce,http://twitter.com/salesforce
671,Salon Media Group,Salon Media Group,http://twitter.com/Salon
672,SAP,SAP,
673,SAP,SAP,http://twitter.com/SAP
674,Sarepta Therapeutics,Sarepta Therapeutics,https://twitter.com/sarepta
675,Sasken Communication Technologies,Sasken Communication Technologies,https://www.twitter.com/sasken
676,Savaree,Savaree,http://twitter.com/Savareeapp
677,Sberbank,Sberbank,http://twitter.com/sberbank
678,SCYNEXIS,SCYNEXIS,https://twitter.com/scynexis
679,SeaChange International,SeaChange International,http://twitter.com/seachangenews
680,Seattle Genetics,Seattle Genetics,http://twitter.com/SeattleGenetics
681,Semler Scientific,Semler Scientific,
682,Sequans Communications,Sequans Communications,http://twitter.com/Sequans
683,Seres Health,Seres Health,https://twitter.com/sereshealth
684,ServiceNow,ServiceNow,http://twitter.com/servicenow
685,ServiceSource,ServiceSource,https://twitter.com/ServiceSource1
686,ServiceSource,ServiceSource,
687,ServiceSource,ServiceSource,http://twitter.com/servicesource
688,Servis1st Bank,Servis1st Bank,
689,Shicoh Engineering,Shicoh Engineering,
690,SHIFT,SHIFT,
691,SHIFT,SHIFT,
692,SHIFT,SHIFT,
693,SHIFT,SHIFT,
694,SHIFT,SHIFT,https://www.twitter.com/shift_2005
695,SHIFT,SHIFT,
696,SHIFT,SHIFT,https://twitter.com/hello_shift
697,SHIFT,SHIFT,http://twitter.com/SHIFTplatform
698,SHIFT,SHIFT,
699,SHIFT,SHIFT,https://twitter.com/madewithSHIFT
700,SHIFT,SHIFT,
701,SHIFT,SHIFT,
702,SHIFT,SHIFT,
703,Shopify,Shopify,http://twitter.com/shopify
704,Siemens,Siemens,http://twitter.com/Siemens
705,Sientra,Sientra,
706,Sinosun Technology,Sinosun Technology,
707,SKY Network Technology,SKY Network Technology,
708,Skyfii,Skyfii,https://www.twitter.com/skyfii_io
709,Sleep Number,Sleep Number,http://twitter.com/sleepnumber
710,Smith Micro Software,Smith Micro Software,http://twitter.com/smithmicro
711,Syndax Pharmaceuticals,Syndax Pharmaceuticals,http://twitter.com/syndax
712,SNSplus,SNSplus,
713,SofTech,SofTech,https://www.twitter.com/softechinc
714,Sohu.com,Sohu.com,https://www.twitter.com/sohu_news
715,SolarCity,SolarCity,http://twitter.com/solarcity
716,SolarWinds,SolarWinds,http://twitter.com/solarwinds
717,SomnoMed,SomnoMed,http://twitter.com/search
718,Sonic Automotive,Sonic Automotive,http://twitter.com/SonicAutomotive
719,Sonus Networks,Sonus Networks,http://twitter.com/sonusnet
720,Sophiris Bio,Sophiris Bio,
721,Speed Commerce,Speed Commerce,https://www.twitter.com/speedcommerce
722,SpineGuard,SpineGuard,http://twitter.com/SpineGuard
723,Splunk,Splunk,http://twitter.com/splunk
724,SQI Diagnostics,SQI Diagnostics,http://twitter.com/Best_Multiplex
725,Square,Square,http://twitter.com/Square
726,Startec Global Communications,Startec Global Communications,http://twitter.com/startecglobal
727,StemCells,StemCells,http://twitter.com/stemcellsinc
728,Stereotaxis,Stereotaxis,http://twitter.com/STXSontheRoad
729,STERIS Corporation,STERIS Corporation,http://twitter.com/STERIS
730,Sterling,Sterling,
731,Sterling,Sterling,
732,Sterling,Sterling,
733,Sterling,Sterling,
734,Sterling,Sterling,https://twitter.com/SterlingReports
735,Sterling,Sterling,https://twitter.com/sterlingcheck
736,Stratasys,Stratasys,http://twitter.com/Stratasys
737,Suburban Ostomy Supply Company,Suburban Ostomy Supply Company,
738,Sunrun,Sunrun,http://www.twitter.com/Sunrun
739,Supernus Pharmaceuticals,Supernus Pharmaceuticals,
740,Surgery Partners,Surgery Partners,http://twitter.com/surgerypartners
741,Surna,Surna,http://twitter.com/surnainc
742,SymBio Pharmaceuticals,SymBio Pharmaceuticals,
743,Sysorex,Sysorex,
744,T2 Biosystems,T2 Biosystems,http://twitter.com/T2Bio
745,Tandem Diabetes Care,Tandem Diabetes Care,http://twitter.com/tandemdiabetes
746,Taomee,Taomee,
747,Tarena,Tarena,
748,TechFaith Wireless Technology,TechFaith Wireless Technology,
749,TechTarget,TechTarget,http://twitter.com/TechTarget
750,Tecogen,Tecogen,http://twitter.com/Tecogen_Inc
751,Teladoc,Teladoc,https://twitter.com/TeladocHealth
752,Telecom Italia,Telecom Italia,https://twitter.com/TIM_Official
753,Telefonica,Telefonica,http://twitter.com/Telefonica
754,Tencent Holdings,Tencent Holdings,https://twitter.com/tencentglobal
755,Tengion,Tengion,
756,Terra Firma Capital Corporation,Terra Firma Capital Corporation,https://www.twitter.com/terrafirmacap
757,TerraSky,TerraSky,http://twitter.com/terraskyinc
758,Tesco,Tesco,https://twitter.com/tescops
759,Tesco,Tesco,https://www.twitter.com/tesco
760,TetraLogic Pharmaceuticals,TetraLogic Pharmaceuticals,
761,Texas Instruments,Texas Instruments,http://twitter.com/txinstruments
762,TG Therapeutics,TG Therapeutics,http://twitter.com/TGTherapeutics
763,TherapeuticsMD,TherapeuticsMD,http://twitter.com/TherapeuticsMD
764,TheStreet,TheStreet,http://twitter.com/TheStreet
765,ThinkSmart,ThinkSmart,https://twitter.com/ThinkSmart_BH
766,ThinkSmart,ThinkSmart,https://www.twitter.com/thinksmart_sa
767,Titan Medical,Titan Medical,
768,Titan Pharmaceuticals,Titan Pharmaceuticals,https://www.twitter.com/titanpharma
769,Immune Therapeutics,Immune Therapeutics,http://twitter.com/TNIBiotech
770,Tonix Pharmaceuticals Holding,Tonix Pharmaceuticals Holding,http://twitter.com/TONIXPharma
771,Minds + Machines Group Limited,Minds + Machines Group Limited,http://twitter.com/newgtlds
772,Toro Energy,Toro Energy,
773,TowerJazz,TowerJazz,
774,TRACON Pharmaceuticals,TRACON Pharmaceuticals,
775,TransUnion,TransUnion,https://twitter.com/TransUnion
776,Tremor Video,Tremor Video,
777,Trevena,Trevena,http://twitter.com/trevenainc
778,Trimble,Trimble,http://twitter.com/TrimbleCorpNews
779,Trimel Pharmaceuticals,Trimel Pharmaceuticals,
780,TRINA SOLAR LTD,TRINA SOLAR LTD,http://twitter.com/search
781,Trinity Industries,Trinity Industries,http://twitter.com/TrinityJobs
782,TriState Capital,TriState Capital,
783,TRONICS GROUP,TRONICS GROUP,https://www.twitter.com/tronicsmicrosys
784,Trubion Pharmaceuticals,Trubion Pharmaceuticals,
785,Trupanion,Trupanion,http://twitter.com/Trupanion
786,Trxade Group,Trxade Group,http://twitter.com/trxade
787,Tuniu,Tuniu,https://twitter.com/TuniuTravel
788,Twitter,Twitter,http://twitter.com/twitter
789,U.S. Silica,U.S. Silica,
790,Ubiquiti Networks,Ubiquiti Networks,http://twitter.com/ubnt
791,Ulta Beauty,Ulta Beauty,https://twitter.com/ultabeauty?
792,Ultragenyx Pharmaceutical,Ultragenyx Pharmaceutical,https://twitter.com/ultragenyx
793,ULURU,ULURU,https://twitter.com/uluruinc
794,UniQure,UniQure,https://twitter.com/uniQure_NV
795,UnitedHealthcare,UnitedHealthcare,http://twitter.com/UHC
796,UTStarcom,UTStarcom,
797,Valera Pharmaceuticals,Valera Pharmaceuticals,
798,ValiRX,ValiRX,
799,Vanda Pharmaceuticals,Vanda Pharmaceuticals,http://twitter.com/vandapharma
800,Varonis Systems,Varonis Systems,http://twitter.com/varonis
801,VBI Vaccines,VBI Vaccines,http://twitter.com/vbivaccines
802,VECTOR INC.,VECTOR INC.,
803,Veeco Instruments,Veeco Instruments,http://twitter.com/veeco
804,Veeva,Veeva,http://twitter.com/veevasystems
805,VentriPoint Diagnostics,VentriPoint Diagnostics,https://twitter.com/ventripoint
806,Veracyte,Veracyte,http://twitter.com/veracyte
807,Verizon Communications,Verizon Communications,https://twitter.com/verizon
808,Verkkokauppa.com,Verkkokauppa.com,https://twitter.com/Verkkokauppacom
809,Vermillion,Vermillion,
810,Vertex Energy,Vertex Energy,
811,Vertex Pharmaceuticals,Vertex Pharmaceuticals,http://twitter.com/VertexPharma
812,ViaCell,ViaCell,https://www.twitter.com/viacord
813,ViaSat,ViaSat,http://twitter.com/ViaSatInc
814,ViewCast,ViewCast,
815,Viewpoint,Viewpoint,http://twitter.com/viewpointcs
816,Viewpoint,Viewpoint,https://twitter.com/viewpointcsuk
817,Viking Therapeutics,Viking Therapeutics,https://www.twitter.com/viking_vktx
818,VirnetX,VirnetX,
819,Vishay Precision Group,Vishay Precision Group,https://www.twitter.com/vpgfoil
820,Vision Sciences,Vision Sciences,http://twitter.com/visionsciences
821,VistaGen Therapeutics,VistaGen Therapeutics,http://twitter.com/vistagen
822,Vixel Corporation,Vixel Corporation,
823,Vocera Communications,Vocera Communications,http://twitter.com/voceracomm
824,Vodis Pharmaceuticals,Vodis Pharmaceuticals,https://twitter.com/vodispharma
825,Volex,Volex,https://twitter.com/volexspb
826,Volex,Volex,https://twitter.com/volex
827,VOLITIONRX,VOLITIONRX,http://twitter.com/VolitionRx
828,Vonage,Vonage,http://twitter.com/vonage
829,Voyager Therapeutics,Voyager Therapeutics,https://twitter.com/VoyagerTx
830,Vuzix,Vuzix,http://twitter.com/Vuzix
831,Walvax Biotechnology,Walvax Biotechnology,
832,WANdisco,WANdisco,http://twitter.com/wandisco
833,Wave Life Sciences,Wave Life Sciences,https://www.twitter.com/wavelifesci
834,Wayfair,Wayfair,https://twitter.com/wayfair
835,Wheeler Real Estate Investment Trust,Wheeler Real Estate Investment Trust,https://www.twitter.com/wheelerreit
836,Williams-Sonoma,Williams-Sonoma,http://twitter.com/WilliamsSonoma
837,Windeln.de,Windeln.de,
838,Wix,Wix,https://twitter.com/wix
839,Workday,Workday,http://twitter.com/Workday
840,WorldGate Communications,WorldGate Communications,
841,CareDx,CareDx,http://twitter.com/AlloMap1
842,Xencor,Xencor,http://twitter.com/xencor
